epoch,time,train/loss,metrics/accuracy_top1,metrics/accuracy_top5,val/loss,lr/pg0,lr/pg1,lr/pg2
1,18.2709,0.53712,0.82792,1,0.39294,0.000546086,0.000546086,0.000546086
2,31.3812,0.31979,0.80844,1,0.42251,0.00108812,0.00108812,0.00108812
3,45.5957,0.28442,0.86039,1,0.34314,0.0016164,0.0016164,0.0016164
4,59.7909,0.26765,0.90909,1,0.23198,0.00160511,0.00160511,0.00160511
5,74.0902,0.23345,0.7987,1,0.61594,0.00158448,0.00158448,0.00158448
6,88.7452,0.1982,0.84091,1,0.35676,0.00156385,0.00156385,0.00156385
7,103.136,0.22085,0.68831,1,0.79402,0.00154323,0.00154323,0.00154323
8,117.343,0.21081,0.88312,1,0.27986,0.0015226,0.0015226,0.0015226
9,131.649,0.1817,0.83117,1,0.41837,0.00150197,0.00150197,0.00150197
10,145.898,0.1703,0.85065,1,0.41162,0.00148134,0.00148134,0.00148134
11,159.922,0.16908,0.91234,1,0.27926,0.00146071,0.00146071,0.00146071
12,174.286,0.14233,0.92532,1,0.22177,0.00144008,0.00144008,0.00144008
13,189.018,0.11801,0.92208,1,0.21991,0.00141945,0.00141945,0.00141945
14,203.553,0.10155,0.89286,1,0.25475,0.00139882,0.00139882,0.00139882
15,217.822,0.12943,0.86039,1,0.42231,0.00137819,0.00137819,0.00137819
16,232.043,0.14868,0.86688,1,0.34652,0.00135756,0.00135756,0.00135756
17,246.091,0.12159,0.8539,1,0.4144,0.00133693,0.00133693,0.00133693
18,259.826,0.10466,0.88961,1,0.30242,0.0013163,0.0013163,0.0013163
19,273.222,0.10234,0.90909,1,0.25746,0.00129568,0.00129568,0.00129568
20,287.236,0.10491,0.93182,1,0.18965,0.00127505,0.00127505,0.00127505
21,301.43,0.07319,0.91234,1,0.27725,0.00125442,0.00125442,0.00125442
22,315.464,0.08566,0.91234,1,0.20069,0.00123379,0.00123379,0.00123379
23,330.167,0.06158,0.91234,1,0.17841,0.00121316,0.00121316,0.00121316
24,344.463,0.07477,0.89935,1,0.28993,0.00119253,0.00119253,0.00119253
25,358.94,0.07813,0.91234,1,0.28629,0.0011719,0.0011719,0.0011719
26,373.267,0.09067,0.87338,1,0.31723,0.00115127,0.00115127,0.00115127
27,387.539,0.08197,0.9026,1,0.20433,0.00113064,0.00113064,0.00113064
28,401.937,0.06102,0.87987,1,0.34571,0.00111001,0.00111001,0.00111001
29,416.105,0.06336,0.91234,1,0.22972,0.00108938,0.00108938,0.00108938
30,429.757,0.06678,0.90909,1,0.27659,0.00106876,0.00106876,0.00106876
31,444.285,0.06915,0.93506,1,0.1637,0.00104813,0.00104813,0.00104813
32,457.885,0.06501,0.92208,1,0.18915,0.0010275,0.0010275,0.0010275
33,471.617,0.0512,0.91883,1,0.28424,0.00100687,0.00100687,0.00100687
34,484.867,0.04959,0.8961,1,0.37345,0.000986239,0.000986239,0.000986239
35,499.163,0.04656,0.92857,1,0.18148,0.00096561,0.00096561,0.00096561
36,513.341,0.06519,0.92208,1,0.18583,0.000944981,0.000944981,0.000944981
37,527.619,0.03497,0.93506,1,0.18069,0.000924352,0.000924352,0.000924352
38,543.127,0.03457,0.92208,1,0.31055,0.000903722,0.000903722,0.000903722
39,558.81,0.04092,0.93182,1,0.22356,0.000883093,0.000883093,0.000883093
40,574.767,0.05422,0.88312,1,0.45358,0.000862464,0.000862464,0.000862464
41,591.115,0.06218,0.91234,1,0.32805,0.000841835,0.000841835,0.000841835
42,606.872,0.04149,0.91883,1,0.23915,0.000821206,0.000821206,0.000821206
43,622.67,0.04849,0.9026,1,0.31846,0.000800577,0.000800577,0.000800577
44,639.156,0.0464,0.92857,1,0.21758,0.000779948,0.000779948,0.000779948
45,655.728,0.02822,0.93182,1,0.22297,0.000759318,0.000759318,0.000759318
46,674.949,0.06518,0.93182,1,0.20327,0.000738689,0.000738689,0.000738689
47,693.839,0.04928,0.95455,1,0.11986,0.00071806,0.00071806,0.00071806
48,711.306,0.04539,0.92532,1,0.21733,0.000697431,0.000697431,0.000697431
49,727.705,0.04679,0.93831,1,0.1504,0.000676802,0.000676802,0.000676802
50,744.903,0.02505,0.92532,1,0.15132,0.000656173,0.000656173,0.000656173
51,761.612,0.02295,0.93182,1,0.15242,0.000635544,0.000635544,0.000635544
52,778.009,0.03154,0.94805,1,0.13666,0.000614915,0.000614915,0.000614915
53,794.851,0.03588,0.92532,1,0.2296,0.000594286,0.000594286,0.000594286
54,812.04,0.02267,0.94805,1,0.16018,0.000573656,0.000573656,0.000573656
55,828.842,0.0138,0.91883,1,0.27526,0.000553027,0.000553027,0.000553027
56,845.804,0.04154,0.90909,1,0.26909,0.000532398,0.000532398,0.000532398
57,863.384,0.02688,0.93831,1,0.13779,0.000511769,0.000511769,0.000511769
58,880.049,0.02142,0.92857,1,0.19686,0.00049114,0.00049114,0.00049114
59,896.135,0.01797,0.93506,1,0.19651,0.000470511,0.000470511,0.000470511
60,912.791,0.02802,0.95455,1,0.15534,0.000449882,0.000449882,0.000449882
61,929.259,0.0281,0.93506,1,0.21321,0.000429253,0.000429253,0.000429253
62,945.115,0.03471,0.93182,1,0.21243,0.000408623,0.000408623,0.000408623
63,960.756,0.02659,0.94805,1,0.16092,0.000387994,0.000387994,0.000387994
64,976.872,0.01775,0.95779,1,0.11315,0.000367365,0.000367365,0.000367365
65,992.594,0.0235,0.94481,1,0.16629,0.000346736,0.000346736,0.000346736
66,1007.79,0.0235,0.94805,1,0.1532,0.000326107,0.000326107,0.000326107
67,1022.92,0.04115,0.93506,1,0.18693,0.000305478,0.000305478,0.000305478
68,1038.4,0.01844,0.94481,1,0.14613,0.000284849,0.000284849,0.000284849
69,1053.68,0.02681,0.94481,1,0.19055,0.00026422,0.00026422,0.00026422
70,1069.31,0.01469,0.94481,1,0.16783,0.00024359,0.00024359,0.00024359
71,1086.96,0.01797,0.96753,1,0.10771,0.000222961,0.000222961,0.000222961
72,1102.5,0.02191,0.95455,1,0.13773,0.000202332,0.000202332,0.000202332
73,1117.63,0.00991,0.94156,1,0.15213,0.000181703,0.000181703,0.000181703
74,1133.21,0.02432,0.9513,1,0.1482,0.000161074,0.000161074,0.000161074
75,1148.44,0.00813,0.95779,1,0.12446,0.000140445,0.000140445,0.000140445
76,1163.9,0.00854,0.96104,1,0.13071,0.000119816,0.000119816,0.000119816
77,1178.96,0.01513,0.96104,1,0.13318,9.91865e-05,9.91865e-05,9.91865e-05
78,1194.67,0.01386,0.95779,1,0.14344,7.85574e-05,7.85574e-05,7.85574e-05
79,1210.15,0.02282,0.95779,1,0.14317,5.79283e-05,5.79283e-05,5.79283e-05
80,1225.61,0.0192,0.95779,1,0.1631,3.72991e-05,3.72991e-05,3.72991e-05
